{
  "interactionModel": {
    "dialog": {
      "intents": [
        {
          "slots": [
            {
              "name": "timerDuration",
              "elicitationRequired": true,
              "type": "AMAZON.DURATION",
              "confirmationRequired": false,
              "prompts": {
                "elicitation": "Elicit.Slot.TimerDuration"
              }
            }
          ],
          "name": "SetTimerIntent",
          "confirmationRequired": false,
          "prompts": {}
        }
      ],
      "delegationStrategy": "SKILL_RESPONSE"
    },
    "languageModel": {
      "intents": [
        {
          "name": "AMAZON.CancelIntent",
          "samples": []
        },
        {
          "name": "AMAZON.HelpIntent",
          "samples": []
        },
        {
          "name": "AMAZON.StopIntent",
          "samples": []
        },
        {
          "name": "AMAZON.NavigateHomeIntent",
          "samples": []
        },
        {
          "name": "AMAZON.FallbackIntent",
          "samples": []
        },
        {
          "slots": [
            {
              "name": "timerDuration",
              "type": "AMAZON.DURATION"
            }
          ],
          "name": "SetTimerIntent",
          "samples": [
            "set a timer for {timerDuration}",
            "set timer for {timerDuration}",
            "timer for {timerDuration}",
            "start a timer for {timerDuration}",
            "create a timer for {timerDuration}",
            "set a {timerDuration} timer",
            "start a {timerDuration} timer",
            "set timer",
            "start timer"
          ]
        },
        {
          "slots": [],
          "name": "CancelTimerIntent",
          "samples": [
            "cancel timer",
            "stop timer",
            "cancel my timer",
            "remove timer"
          ]
        }
      ],
      "types": [],
      "invocationName": "personal timer skill"
    },
    "prompts": [
      {
        "variations": [
          {
            "type": "PlainText",
            "value": "For how long would you like to set the timer?"
          }
        ],
        "id": "Elicit.Slot.TimerDuration"
      }
    ]
  }
}